sample,gene_name,change,freq,type,drugs
ERR8774464,rpoB,p.His445Tyr,1.0,missense_variant,rifampicin;rifapentine
ERR8774464,katG,p.Ser315Thr,1.0,missense_variant,isoniazid
ERR8774464,gyrA,p.Glu21Gln,1.0,missense_variant,-
ERR8774464,gyrA,p.Ser95Thr,1.0,missense_variant,-
ERR8774464,gyrA,p.Gly668Asp,1.0,missense_variant,-
ERR8774464,hadA,c.-169T>C,1.0,upstream_gene_variant,-
ERR8774464,mmpL5,p.Ile948Val,1.0,missense_variant,-
ERR8774464,mmpL5,c.183G>A,1.0,synonymous_variant,-
ERR8774464,rpsL,c.-165T>C,1.0,upstream_gene_variant,-
ERR8774464,embR,c.-246C>A,1.0,upstream_gene_variant,-
ERR8774464,embR,c.-247G>A,1.0,upstream_gene_variant,-
ERR8774464,rrs,n.-187C>T,1.0,upstream_gene_variant,-
ERR8774464,tsnR,p.Leu232Pro,1.0,missense_variant,-
ERR8774464,tlyA,c.33A>G,1.0,synonymous_variant,-
ERR8774464,bacA,c.1542C>T,1.0,synonymous_variant,-
ERR8774464,Rv1979c,c.1416_1418dupCCG,1.0,disruptive_inframe_insertion,-
ERR8774464,Rv1979c,c.-129A>G,1.0,upstream_gene_variant,-
ERR8774464,Rv2680,p.Ala35Asp,1.0,missense_variant,-
ERR8774464,thyX,p.Pro158Ala,1.0,missense_variant,-
ERR8774464,Rv3083,p.His22Asp,1.0,missense_variant,-
ERR8774464,Rv3236c,c.546C>T,1.0,synonymous_variant,-
ERR8774464,embC,c.2688C>G,1.0,synonymous_variant,-
ERR8774464,embC,c.2781C>T,1.0,synonymous_variant,-
ERR8774464,aftB,p.Lys522Arg,1.0,missense_variant,-
ERR8774464,ethA,c.735C>G,1.0,synonymous_variant,-
ERR8774464,ethR,c.456G>A,1.0,synonymous_variant,-
ERR8774464,whiB6,p.Arg17Gly,1.0,missense_variant,-
ERR8774464,whiB6,c.-75delG,1.0,upstream_gene_variant,-
ERR8774464,whiB6,c.-211C>T,1.0,upstream_gene_variant,-
ERR8774512,rpoB,p.Ser450Leu,1.0,missense_variant,rifampicin;rifapentine
ERR8774512,rrs,n.517C>T,0.17391304347826086,non_coding_transcript_exon_variant,streptomycin
ERR8774512,katG,p.Ser315Thr,1.0,missense_variant,isoniazid
ERR8774512,embB,p.Gly406Asp,0.10588235294117647,missense_variant,ethambutol
ERR8774512,ethA,c.1290delC,1.0,frameshift_variant,ethionamide;prothionamide
ERR8774512,gid,c.102delG,1.0,frameshift_variant,streptomycin
ERR8774512,gyrA,p.Glu21Gln,1.0,missense_variant,-
ERR8774512,gyrA,p.Ser95Thr,1.0,missense_variant,-
ERR8774512,gyrA,p.Gly668Asp,1.0,missense_variant,-
ERR8774512,Rv0010c,c.-12T>C,1.0,upstream_gene_variant,-
ERR8774512,rpoC,p.Ile851Val,1.0,missense_variant,-
ERR8774512,mmpL5,p.Ile948Val,0.9787234042553191,missense_variant,-
ERR8774512,mmpL5,c.183G>A,1.0,synonymous_variant,-
ERR8774512,rpsL,c.-165T>C,1.0,upstream_gene_variant,-
ERR8774512,rrs,n.-187C>T,1.0,upstream_gene_variant,-
ERR8774512,rpsA,c.-208G>A,1.0,upstream_gene_variant,-
ERR8774512,tsnR,p.Leu232Pro,1.0,missense_variant,-
ERR8774512,tlyA,c.33A>G,0.9855072463768116,synonymous_variant,-
ERR8774512,bacA,c.1542C>T,1.0,synonymous_variant,-
ERR8774512,katG,c.723C>G,1.0,synonymous_variant,-
ERR8774512,Rv1979c,c.1416_1418dupCCG,0.9523809523809523,disruptive_inframe_insertion,-
ERR8774512,Rv1979c,c.-129A>G,1.0,upstream_gene_variant,-
ERR8774512,pncA,p.Phe81Cys,1.0,missense_variant,-
ERR8774512,eis,p.Ser7Asn,0.9814814814814815,missense_variant,-
ERR8774512,Rv2680,p.Ala35Asp,1.0,missense_variant,-
ERR8774512,thyX,p.Pro158Ala,1.0,missense_variant,-
ERR8774512,Rv3083,p.His22Asp,1.0,missense_variant,-
ERR8774512,Rv3236c,c.546C>T,1.0,synonymous_variant,-
ERR8774512,embC,c.1635G>T,1.0,synonymous_variant,-
ERR8774512,embC,c.2688C>G,1.0,synonymous_variant,-
ERR8774512,embC,c.2781C>T,1.0,synonymous_variant,-
ERR8774512,embB,p.Leu402Val,0.7586206896551724,missense_variant,-
ERR8774512,aftB,p.Lys522Arg,1.0,missense_variant,-
ERR8774512,ubiA,p.Phe176Val,1.0,missense_variant,-
ERR8774512,ubiA,p.Ala35Val,1.0,missense_variant,-
ERR8774512,ethA,c.735C>G,1.0,synonymous_variant,-
ERR8774512,ethR,c.456G>A,1.0,synonymous_variant,-
ERR8774512,whiB6,c.-75delG,1.0,upstream_gene_variant,-
ERR8774512,whiB6,c.-211C>T,1.0,upstream_gene_variant,-
ERR8774522,rpoB,p.Ser450Leu,1.0,missense_variant,rifampicin;rifapentine
ERR8774522,katG,p.Ser315Thr,1.0,missense_variant,isoniazid
ERR8774522,embB,p.Gly406Cys,1.0,missense_variant,ethambutol
ERR8774522,gid,c.102delG,1.0,frameshift_variant,streptomycin
ERR8774522,gyrA,p.Glu21Gln,1.0,missense_variant,-
ERR8774522,gyrA,p.Ser95Thr,1.0,missense_variant,-
ERR8774522,gyrA,p.Gly668Asp,1.0,missense_variant,-
ERR8774522,rpoC,p.Val483Gly,0.1038961038961039,missense_variant,-
ERR8774522,rpoC,p.Trp484Gly,0.8767123287671232,missense_variant,-
ERR8774522,mmpL5,p.Ile948Val,1.0,missense_variant,-
ERR8774522,mmpL5,c.183G>A,1.0,synonymous_variant,-
ERR8774522,rpsL,c.-165T>C,1.0,upstream_gene_variant,-
ERR8774522,rrs,n.-187C>T,1.0,upstream_gene_variant,-
ERR8774522,tsnR,p.Leu232Pro,1.0,missense_variant,-
ERR8774522,tlyA,c.33A>G,1.0,synonymous_variant,-
ERR8774522,bacA,c.1542C>T,1.0,synonymous_variant,-
ERR8774522,katG,c.723C>G,0.9827586206896551,synonymous_variant,-
ERR8774522,Rv1979c,c.1416_1418dupCCG,0.9655172413793104,disruptive_inframe_insertion,-
ERR8774522,Rv1979c,c.-129A>G,1.0,upstream_gene_variant,-
ERR8774522,Rv2680,p.Ala35Asp,1.0,missense_variant,-
ERR8774522,thyX,p.Pro158Ala,1.0,missense_variant,-
ERR8774522,Rv3083,p.His22Asp,1.0,missense_variant,-
ERR8774522,Rv3236c,c.546C>T,1.0,synonymous_variant,-
ERR8774522,embC,c.2688C>G,1.0,synonymous_variant,-
ERR8774522,embC,c.2781C>T,1.0,synonymous_variant,-
ERR8774522,aftB,p.Lys522Arg,1.0,missense_variant,-
ERR8774522,ethA,c.735C>G,1.0,synonymous_variant,-
ERR8774522,ethR,c.456G>A,0.9682539682539683,synonymous_variant,-
ERR8774522,whiB6,c.-75delG,1.0,upstream_gene_variant,-
ERR8774522,whiB6,c.-211C>T,1.0,upstream_gene_variant,-
ERR8774482,rpoB,p.Ser450Leu,1.0,missense_variant,rifampicin;rifapentine
ERR8774482,rpoC,p.Phe452Ser,1.0,missense_variant,rifampicin
ERR8774482,rrs,n.878G>A,0.13636363636363635,non_coding_transcript_exon_variant,streptomycin
ERR8774482,inhA,c.-777C>T,1.0,upstream_gene_variant,ethionamide;isoniazid;prothionamide
ERR8774482,pncA,p.Val139Leu,0.8360655737704918,missense_variant,pyrazinamide
ERR8774482,embA,c.-16C>T,1.0,upstream_gene_variant,ethambutol
ERR8774482,embB,p.Tyr315Cys,0.8793103448275862,missense_variant,ethambutol
ERR8774482,gid,p.Glu40*,0.8863636363636364,stop_gained,streptomycin
ERR8774482,dnaA,p.Arg400His,1.0,missense_variant,-
ERR8774482,gyrA,p.Glu21Gln,1.0,missense_variant,-
ERR8774482,gyrA,p.Ser95Thr,1.0,missense_variant,-
ERR8774482,gyrA,p.Gly668Asp,1.0,missense_variant,-
ERR8774482,mmpL5,p.Ile948Val,1.0,missense_variant,-
ERR8774482,mmpL5,c.183G>A,1.0,synonymous_variant,-
ERR8774482,rpsL,c.-165T>C,1.0,upstream_gene_variant,-
ERR8774482,fbiC,c.2532G>T,1.0,synonymous_variant,-
ERR8774482,rrs,n.-187C>T,1.0,upstream_gene_variant,-
ERR8774482,rpsA,p.Val158Leu,0.8529411764705882,missense_variant,-
ERR8774482,tsnR,p.Leu232Pro,1.0,missense_variant,-
ERR8774482,tlyA,c.33A>G,1.0,synonymous_variant,-
ERR8774482,bacA,c.1542C>T,1.0,synonymous_variant,-
ERR8774482,ndh,c.777_778insT,1.0,frameshift_variant,-
ERR8774482,Rv1979c,c.1416_1418dupCCG,0.9791666666666666,disruptive_inframe_insertion,-
ERR8774482,Rv1979c,c.-129A>G,1.0,upstream_gene_variant,-
ERR8774482,Rv2680,p.Ala35Asp,1.0,missense_variant,-
ERR8774482,Rv3083,p.His22Asp,1.0,missense_variant,-
ERR8774482,embC,c.2781C>T,1.0,synonymous_variant,-
ERR8774482,aftB,p.Lys522Arg,1.0,missense_variant,-
ERR8774482,ethA,c.735C>G,1.0,synonymous_variant,-
ERR8774482,ethR,c.456G>A,1.0,synonymous_variant,-
ERR8774482,whiB6,c.-75delG,1.0,upstream_gene_variant,-
ERR8774482,whiB6,c.-211C>T,1.0,upstream_gene_variant,-
ERR8774458,rpoB,p.His445Leu,0.9047619047619048,missense_variant,rifampicin;rifapentine
ERR8774458,gyrA,p.Glu21Gln,1.0,missense_variant,-
ERR8774458,gyrA,p.Ser95Thr,1.0,missense_variant,-
ERR8774458,gyrA,p.Gly668Asp,1.0,missense_variant,-
ERR8774458,Rv0565c,c.-173G>A,1.0,upstream_gene_variant,-
ERR8774458,mmaA3,c.-112C>T,1.0,upstream_gene_variant,-
ERR8774458,mmpL5,p.Ile948Val,1.0,missense_variant,-
ERR8774458,mmpL5,c.183G>A,1.0,synonymous_variant,-
ERR8774458,rpsL,c.-165T>C,1.0,upstream_gene_variant,-
ERR8774458,rrs,n.-187C>T,1.0,upstream_gene_variant,-
ERR8774458,inhA,c.-809G>C,1.0,upstream_gene_variant,-
ERR8774458,tsnR,p.Leu232Pro,1.0,missense_variant,-
ERR8774458,tlyA,c.33A>G,1.0,synonymous_variant,-
ERR8774458,bacA,c.1542C>T,1.0,synonymous_variant,-
ERR8774458,Rv1979c,c.1416_1418dupCCG,1.0,disruptive_inframe_insertion,-
ERR8774458,Rv1979c,c.-129A>G,1.0,upstream_gene_variant,-
ERR8774458,Rv2680,p.Ala35Asp,1.0,missense_variant,-
ERR8774458,Rv3083,p.His22Asp,1.0,missense_variant,-
ERR8774458,ddn,c.168C>T,1.0,synonymous_variant,-
ERR8774458,embC,c.-230A>G,1.0,upstream_gene_variant,-
ERR8774458,embC,c.2781C>T,1.0,synonymous_variant,-
ERR8774458,aftB,p.Lys522Arg,1.0,missense_variant,-
ERR8774458,ethA,c.735C>G,1.0,synonymous_variant,-
ERR8774458,ethR,c.456G>A,1.0,synonymous_variant,-
ERR8774458,whiB6,p.Glu28Lys,1.0,missense_variant,-
ERR8774458,whiB6,c.-75delG,1.0,upstream_gene_variant,-
ERR8774458,whiB6,c.-211C>T,1.0,upstream_gene_variant,-
ERR8774514,rpoB,p.Ser450Leu,1.0,missense_variant,rifampicin;rifapentine
ERR8774514,rrs,n.517C>T,0.14583333333333334,non_coding_transcript_exon_variant,streptomycin
ERR8774514,katG,p.Ser315Thr,1.0,missense_variant,isoniazid
ERR8774514,ethA,c.1290delC,1.0,frameshift_variant,ethionamide;prothionamide
ERR8774514,gid,c.102delG,1.0,frameshift_variant,streptomycin
ERR8774514,gyrA,p.Glu21Gln,1.0,missense_variant,-
ERR8774514,gyrA,p.Ser95Thr,1.0,missense_variant,-
ERR8774514,gyrA,p.Gly668Asp,1.0,missense_variant,-
ERR8774514,Rv0010c,c.-12T>C,1.0,upstream_gene_variant,-
ERR8774514,rpoC,p.Ile851Val,1.0,missense_variant,-
ERR8774514,mmpL5,p.Ile948Val,1.0,missense_variant,-
ERR8774514,mmpL5,c.183G>A,1.0,synonymous_variant,-
ERR8774514,rpsL,c.-165T>C,1.0,upstream_gene_variant,-
ERR8774514,rrs,n.-187C>T,1.0,upstream_gene_variant,-
ERR8774514,rrs,n.908A>C,0.225,non_coding_transcript_exon_variant,-
ERR8774514,rpsA,c.-208G>A,1.0,upstream_gene_variant,-
ERR8774514,tsnR,p.Leu232Pro,1.0,missense_variant,-
ERR8774514,tlyA,c.33A>G,1.0,synonymous_variant,-
ERR8774514,bacA,c.1542C>T,1.0,synonymous_variant,-
ERR8774514,katG,c.723C>G,1.0,synonymous_variant,-
ERR8774514,Rv1979c,c.1416_1418dupCCG,0.9722222222222222,disruptive_inframe_insertion,-
ERR8774514,Rv1979c,c.-129A>G,1.0,upstream_gene_variant,-
ERR8774514,pncA,p.Phe81Cys,1.0,missense_variant,-
ERR8774514,eis,p.Ser7Asn,1.0,missense_variant,-
ERR8774514,Rv2680,p.Ala35Asp,1.0,missense_variant,-
ERR8774514,thyX,p.Pro158Ala,1.0,missense_variant,-
ERR8774514,Rv3083,p.His22Asp,1.0,missense_variant,-
ERR8774514,Rv3236c,c.546C>T,1.0,synonymous_variant,-
ERR8774514,embC,c.1635G>T,1.0,synonymous_variant,-
ERR8774514,embC,c.2688C>G,1.0,synonymous_variant,-
ERR8774514,embC,c.2781C>T,1.0,synonymous_variant,-
ERR8774514,embB,p.Leu402Val,0.8414634146341463,missense_variant,-
ERR8774514,aftB,p.Lys522Arg,1.0,missense_variant,-
ERR8774514,ubiA,p.Phe176Val,0.9642857142857143,missense_variant,-
ERR8774514,ubiA,p.Ala35Val,0.9859154929577465,missense_variant,-
ERR8774514,ethA,c.735C>G,1.0,synonymous_variant,-
ERR8774514,ethR,c.456G>A,1.0,synonymous_variant,-
ERR8774514,whiB6,c.-75delG,1.0,upstream_gene_variant,-
ERR8774514,whiB6,c.-211C>T,1.0,upstream_gene_variant,-
ERR8774534,rpoB,p.Asp435Val,1.0,missense_variant,rifampicin;rifapentine
ERR8774534,rpsL,p.Lys43Arg,1.0,missense_variant,streptomycin
ERR8774534,katG,p.Ser315Thr,1.0,missense_variant,isoniazid
ERR8774534,embB,p.Met306Leu,0.7982456140350878,missense_variant,ethambutol
ERR8774534,ethA,p.Trp21*,1.0,stop_gained,ethionamide;prothionamide
ERR8774534,gyrA,p.Glu21Gln,1.0,missense_variant,-
ERR8774534,gyrA,p.Ser95Thr,1.0,missense_variant,-
ERR8774534,gyrA,p.Gly668Asp,1.0,missense_variant,-
ERR8774534,mmpL5,p.Ile948Val,0.9880952380952381,missense_variant,-
ERR8774534,mmpL5,c.183G>A,1.0,synonymous_variant,-
ERR8774534,rpsL,c.-165T>C,1.0,upstream_gene_variant,-
ERR8774534,rrs,n.-187C>T,1.0,upstream_gene_variant,-
ERR8774534,tsnR,p.Leu232Pro,1.0,missense_variant,-
ERR8774534,tlyA,c.33A>G,1.0,synonymous_variant,-
ERR8774534,bacA,c.1542C>T,1.0,synonymous_variant,-
ERR8774534,katG,c.723C>G,1.0,synonymous_variant,-
ERR8774534,Rv1979c,c.1416_1418dupCCG,1.0,disruptive_inframe_insertion,-
ERR8774534,Rv1979c,c.-129A>G,1.0,upstream_gene_variant,-
ERR8774534,Rv2680,p.Ala35Asp,1.0,missense_variant,-
ERR8774534,thyX,p.Pro158Ala,1.0,missense_variant,-
ERR8774534,Rv3083,p.His22Asp,1.0,missense_variant,-
ERR8774534,Rv3236c,c.546C>T,1.0,synonymous_variant,-
ERR8774534,alr,p.Ala99Ser,1.0,missense_variant,-
ERR8774534,embC,c.2688C>G,1.0,synonymous_variant,-
ERR8774534,embC,c.2781C>T,1.0,synonymous_variant,-
ERR8774534,aftB,p.Lys522Arg,1.0,missense_variant,-
ERR8774534,ethA,c.735C>G,1.0,synonymous_variant,-
ERR8774534,ethR,c.456G>A,1.0,synonymous_variant,-
ERR8774534,whiB6,c.-75delG,1.0,upstream_gene_variant,-
ERR8774534,whiB6,c.-211C>T,1.0,upstream_gene_variant,-
ERR8774524,rpoB,p.Ser450Leu,1.0,missense_variant,rifampicin;rifapentine
ERR8774524,katG,p.Ser315Thr,1.0,missense_variant,isoniazid
ERR8774524,embB,p.Gly406Cys,1.0,missense_variant,ethambutol
ERR8774524,gid,c.102delG,1.0,frameshift_variant,streptomycin
ERR8774524,gyrA,p.Glu21Gln,1.0,missense_variant,-
ERR8774524,gyrA,p.Ser95Thr,1.0,missense_variant,-
ERR8774524,gyrA,p.Gly668Asp,1.0,missense_variant,-
ERR8774524,rpoC,p.Trp484Gly,0.9292929292929293,missense_variant,-
ERR8774524,mmpL5,p.Ile948Val,1.0,missense_variant,-
ERR8774524,mmpL5,c.183G>A,1.0,synonymous_variant,-
ERR8774524,rpsL,c.-165T>C,1.0,upstream_gene_variant,-
ERR8774524,rrs,n.-187C>T,1.0,upstream_gene_variant,-
ERR8774524,tsnR,p.Leu232Pro,1.0,missense_variant,-
ERR8774524,tlyA,c.33A>G,1.0,synonymous_variant,-
ERR8774524,bacA,c.1542C>T,1.0,synonymous_variant,-
ERR8774524,katG,c.723C>G,1.0,synonymous_variant,-
ERR8774524,Rv1979c,c.1416_1418dupCCG,0.9574468085106383,disruptive_inframe_insertion,-
ERR8774524,Rv1979c,c.-129A>G,1.0,upstream_gene_variant,-
ERR8774524,Rv2680,p.Ala35Asp,1.0,missense_variant,-
ERR8774524,thyX,p.Pro158Ala,1.0,missense_variant,-
ERR8774524,Rv3083,p.His22Asp,1.0,missense_variant,-
ERR8774524,Rv3236c,c.546C>T,1.0,synonymous_variant,-
ERR8774524,embC,c.2688C>G,0.9807692307692307,synonymous_variant,-
ERR8774524,embC,c.2781C>T,1.0,synonymous_variant,-
ERR8774524,aftB,p.Lys522Arg,1.0,missense_variant,-
ERR8774524,ethA,c.735C>G,1.0,synonymous_variant,-
ERR8774524,ethR,c.456G>A,1.0,synonymous_variant,-
ERR8774524,whiB6,c.-75delG,1.0,upstream_gene_variant,-
ERR8774524,whiB6,c.-211C>T,1.0,upstream_gene_variant,-
ERR8774480,rpoB,p.Ser450Leu,1.0,missense_variant,rifampicin;rifapentine
ERR8774480,rpoC,p.Phe452Ser,1.0,missense_variant,rifampicin
ERR8774480,rrs,n.878G>A,0.16981132075471697,non_coding_transcript_exon_variant,streptomycin
ERR8774480,inhA,c.-777C>T,1.0,upstream_gene_variant,ethionamide;isoniazid;prothionamide
ERR8774480,pncA,p.Val139Leu,0.75,missense_variant,pyrazinamide
ERR8774480,embA,c.-16C>T,1.0,upstream_gene_variant,ethambutol
ERR8774480,embB,p.Tyr315Cys,0.6097560975609756,missense_variant,ethambutol
ERR8774480,gid,p.Glu40*,0.8604651162790697,stop_gained,streptomycin
ERR8774480,dnaA,p.Arg400His,1.0,missense_variant,-
ERR8774480,gyrA,p.Glu21Gln,1.0,missense_variant,-
ERR8774480,gyrA,p.Ser95Thr,1.0,missense_variant,-
ERR8774480,gyrA,p.Gly668Asp,1.0,missense_variant,-
ERR8774480,mmpL5,p.Ile948Val,1.0,missense_variant,-
ERR8774480,mmpL5,c.183G>A,1.0,synonymous_variant,-
ERR8774480,rpsL,c.-165T>C,1.0,upstream_gene_variant,-
ERR8774480,fbiC,c.2532G>T,1.0,synonymous_variant,-
ERR8774480,rrs,n.-187C>T,1.0,upstream_gene_variant,-
ERR8774480,rpsA,p.Val158Leu,0.8541666666666666,missense_variant,-
ERR8774480,tsnR,p.Leu232Pro,1.0,missense_variant,-
ERR8774480,tlyA,c.33A>G,1.0,synonymous_variant,-
ERR8774480,bacA,c.1542C>T,1.0,synonymous_variant,-
ERR8774480,ndh,c.777_778insT,1.0,frameshift_variant,-
ERR8774480,Rv1979c,c.1416_1418dupCCG,0.9743589743589743,disruptive_inframe_insertion,-
ERR8774480,Rv1979c,c.-129A>G,1.0,upstream_gene_variant,-
ERR8774480,Rv2680,p.Ala35Asp,1.0,missense_variant,-
ERR8774480,Rv3083,p.His22Asp,1.0,missense_variant,-
ERR8774480,embC,c.2781C>T,1.0,synonymous_variant,-
ERR8774480,embB,p.Tyr319Asp,0.3333333333333333,missense_variant,-
ERR8774480,aftB,p.Lys522Arg,1.0,missense_variant,-
ERR8774480,ethA,c.735C>G,1.0,synonymous_variant,-
ERR8774480,ethR,c.456G>A,1.0,synonymous_variant,-
ERR8774480,whiB6,c.-75delG,1.0,upstream_gene_variant,-
ERR8774480,whiB6,c.-211C>T,1.0,upstream_gene_variant,-
ERR8774487,rpoB,p.Ser450Leu,1.0,missense_variant,rifampicin;rifapentine
ERR8774487,rpsL,p.Lys43Arg,1.0,missense_variant,streptomycin
ERR8774487,katG,p.Ser315Thr,1.0,missense_variant,isoniazid
ERR8774487,pncA,p.Ala28Asp,1.0,missense_variant,pyrazinamide
ERR8774487,embB,p.Met306Ile,1.0,missense_variant,ethambutol
ERR8774487,gyrA,p.Glu21Gln,1.0,missense_variant,-
ERR8774487,gyrA,p.Ser95Thr,1.0,missense_variant,-
ERR8774487,gyrA,p.Gly668Asp,1.0,missense_variant,-
ERR8774487,rpoC,p.Val1039Ala,0.4642857142857143,missense_variant,-
ERR8774487,rpoC,p.Val1252Leu,0.2631578947368421,missense_variant,-
ERR8774487,mmpL5,p.Ile948Val,1.0,missense_variant,-
ERR8774487,mmpL5,c.183G>A,1.0,synonymous_variant,-
ERR8774487,rpsL,c.-165T>C,1.0,upstream_gene_variant,-
ERR8774487,rrs,n.-187C>T,1.0,upstream_gene_variant,-
ERR8774487,tsnR,p.Leu232Pro,1.0,missense_variant,-
ERR8774487,tlyA,c.33A>G,1.0,synonymous_variant,-
ERR8774487,bacA,c.1542C>T,1.0,synonymous_variant,-
ERR8774487,Rv1979c,c.1416_1418dupCCG,0.9705882352941176,disruptive_inframe_insertion,-
ERR8774487,Rv1979c,c.-129A>G,1.0,upstream_gene_variant,-
ERR8774487,Rv2680,p.Ala35Asp,1.0,missense_variant,-
ERR8774487,thyX,p.Pro158Ala,1.0,missense_variant,-
ERR8774487,Rv3083,p.His22Asp,1.0,missense_variant,-
ERR8774487,Rv3236c,c.546C>T,1.0,synonymous_variant,-
ERR8774487,embC,c.2688C>G,1.0,synonymous_variant,-
ERR8774487,embC,c.2781C>T,1.0,synonymous_variant,-
ERR8774487,aftB,p.Lys522Arg,1.0,missense_variant,-
ERR8774487,ubiA,p.Phe176Ser,1.0,missense_variant,-
ERR8774487,ethA,c.735C>G,1.0,synonymous_variant,-
ERR8774487,ethR,c.456G>A,1.0,synonymous_variant,-
ERR8774487,whiB6,c.-75delG,1.0,upstream_gene_variant,-
ERR8774487,whiB6,c.-211C>T,1.0,upstream_gene_variant,-
